,Model,Accuracy,Precision,Recall,F-Score
0,SVM,0.9893468687618493,0.9683079111673121,0.9488112754588399,0.958460455292185
1,GBT,0.9924866334299672,0.9609671062604214,0.9818787268644003,0.9713103765273681
2,RF,0.9988865371304758,0.9968177584601056,0.9945791063269573,0.9956971740900106
